Date,Year,Month,Month_Name,Rainfall_mm,Location,Source,Spatial_Method
2021-01-01,2021,1,January,1.23,"West Champaran, Bihar",ERA5-Land,Mean of 0.1-degree grid cells in selected bounding box
2021-02-01,2021,2,February,3.58,"West Champaran, Bihar",ERA5-Land,Mean of 0.1-degree grid cells in selected bounding box
2021-03-01,2021,3,March,2.67,"West Champaran, Bihar",ERA5-Land,Mean of 0.1-degree grid cells in selected bounding box
2021-04-01,2021,4,April,8.84,"West Champaran, Bihar",ERA5-Land,Mean of 0.1-degree grid cells in selected bounding box
2021-05-01,2021,5,May,408.73,"West Champaran, Bihar",ERA5-Land,Mean of 0.1-degree grid cells in selected bounding box
2021-06-01,2021,6,June,491.96,"West Champaran, Bihar",ERA5-Land,Mean of 0.1-degree grid cells in selected bounding box
2021-07-01,2021,7,July,372.95,"West Champaran, Bihar",ERA5-Land,Mean of 0.1-degree grid cells in selected bounding box
2021-08-01,2021,8,August,426.05,"West Champaran, Bihar",ERA5-Land,Mean of 0.1-degree grid cells in selected bounding box
2021-09-01,2021,9,September,254.02,"West Champaran, Bihar",ERA5-Land,Mean of 0.1-degree grid cells in selected bounding box
2021-10-01,2021,10,October,203.76,"West Champaran, Bihar",ERA5-Land,Mean of 0.1-degree grid cells in selected bounding box
2021-11-01,2021,11,November,0.55,"West Champaran, Bihar",ERA5-Land,Mean of 0.1-degree grid cells in selected bounding box
2021-12-01,2021,12,December,37.22,"West Champaran, Bihar",ERA5-Land,Mean of 0.1-degree grid cells in selected bounding box
2022-01-01,2022,1,January,23.59,"West Champaran, Bihar",ERA5-Land,Mean of 0.1-degree grid cells in selected bounding box
2022-02-01,2022,2,February,48.44,"West Champaran, Bihar",ERA5-Land,Mean of 0.1-degree grid cells in selected bounding box
2022-03-01,2022,3,March,1.48,"West Champaran, Bihar",ERA5-Land,Mean of 0.1-degree grid cells in selected bounding box
2022-04-01,2022,4,April,13.43,"West Champaran, Bihar",ERA5-Land,Mean of 0.1-degree grid cells in selected bounding box
2022-05-01,2022,5,May,82.87,"West Champaran, Bihar",ERA5-Land,Mean of 0.1-degree grid cells in selected bounding box
2022-06-01,2022,6,June,308.12,"West Champaran, Bihar",ERA5-Land,Mean of 0.1-degree grid cells in selected bounding box
2022-07-01,2022,7,July,255.27,"West Champaran, Bihar",ERA5-Land,Mean of 0.1-degree grid cells in selected bounding box
2022-08-01,2022,8,August,236.87,"West Champaran, Bihar",ERA5-Land,Mean of 0.1-degree grid cells in selected bounding box
2022-09-01,2022,9,September,145.46,"West Champaran, Bihar",ERA5-Land,Mean of 0.1-degree grid cells in selected bounding box
2022-10-01,2022,10,October,61.44,"West Champaran, Bihar",ERA5-Land,Mean of 0.1-degree grid cells in selected bounding box
2022-11-01,2022,11,November,0.89,"West Champaran, Bihar",ERA5-Land,Mean of 0.1-degree grid cells in selected bounding box
2022-12-01,2022,12,December,1.37,"West Champaran, Bihar",ERA5-Land,Mean of 0.1-degree grid cells in selected bounding box
2023-01-01,2023,1,January,0.34,"West Champaran, Bihar",ERA5-Land,Mean of 0.1-degree grid cells in selected bounding box
2023-02-01,2023,2,February,0.79,"West Champaran, Bihar",ERA5-Land,Mean of 0.1-degree grid cells in selected bounding box
2023-03-01,2023,3,March,20.92,"West Champaran, Bihar",ERA5-Land,Mean of 0.1-degree grid cells in selected bounding box
2023-04-01,2023,4,April,9.49,"West Champaran, Bihar",ERA5-Land,Mean of 0.1-degree grid cells in selected bounding box
2023-05-01,2023,5,May,24.08,"West Champaran, Bihar",ERA5-Land,Mean of 0.1-degree grid cells in selected bounding box
2023-06-01,2023,6,June,58.01,"West Champaran, Bihar",ERA5-Land,Mean of 0.1-degree grid cells in selected bounding box
2023-07-01,2023,7,July,163.73,"West Champaran, Bihar",ERA5-Land,Mean of 0.1-degree grid cells in selected bounding box
2023-08-01,2023,8,August,151.3,"West Champaran, Bihar",ERA5-Land,Mean of 0.1-degree grid cells in selected bounding box
2023-09-01,2023,9,September,101.08,"West Champaran, Bihar",ERA5-Land,Mean of 0.1-degree grid cells in selected bounding box
2023-10-01,2023,10,October,43.08,"West Champaran, Bihar",ERA5-Land,Mean of 0.1-degree grid cells in selected bounding box
2023-11-01,2023,11,November,2.16,"West Champaran, Bihar",ERA5-Land,Mean of 0.1-degree grid cells in selected bounding box
2023-12-01,2023,12,December,1.33,"West Champaran, Bihar",ERA5-Land,Mean of 0.1-degree grid cells in selected bounding box
2024-01-01,2024,1,January,1.28,"West Champaran, Bihar",ERA5-Land,Mean of 0.1-degree grid cells in selected bounding box
2024-02-01,2024,2,February,3.37,"West Champaran, Bihar",ERA5-Land,Mean of 0.1-degree grid cells in selected bounding box
2024-03-01,2024,3,March,17.89,"West Champaran, Bihar",ERA5-Land,Mean of 0.1-degree grid cells in selected bounding box
2024-04-01,2024,4,April,0.26,"West Champaran, Bihar",ERA5-Land,Mean of 0.1-degree grid cells in selected bounding box
2024-05-01,2024,5,May,65.7,"West Champaran, Bihar",ERA5-Land,Mean of 0.1-degree grid cells in selected bounding box
2024-06-01,2024,6,June,168.45,"West Champaran, Bihar",ERA5-Land,Mean of 0.1-degree grid cells in selected bounding box
2024-07-01,2024,7,July,420.53,"West Champaran, Bihar",ERA5-Land,Mean of 0.1-degree grid cells in selected bounding box
2024-08-01,2024,8,August,311.77,"West Champaran, Bihar",ERA5-Land,Mean of 0.1-degree grid cells in selected bounding box
2024-09-01,2024,9,September,468.38,"West Champaran, Bihar",ERA5-Land,Mean of 0.1-degree grid cells in selected bounding box
2024-10-01,2024,10,October,26.27,"West Champaran, Bihar",ERA5-Land,Mean of 0.1-degree grid cells in selected bounding box
2024-11-01,2024,11,November,7.61,"West Champaran, Bihar",ERA5-Land,Mean of 0.1-degree grid cells in selected bounding box
2024-12-01,2024,12,December,3.17,"West Champaran, Bihar",ERA5-Land,Mean of 0.1-degree grid cells in selected bounding box
